	0
though_superficially_different_from_other_rooms_in_building	1
kitchen	2
as_though_superficially_different_from_rooms_in_building	3
though_superficially_different	4
as_though_superficially_different	5
you	6
now_lit_salon	7
exciting_salon	8
ugly_attic	9
your_excitement	10
launderette	11
unguarded	12
as_only_superficially_different_from_rooms	13
fun_playroom	14
now_messy_garage	15
as_though_superficially_different_from_other_rooms	16
this	17
laundromat	18
as_different_from_rooms_in_building	19
pleasant_bedroom	20
here_workshop	21
superficially_different_from_rooms	22
superficially_different	23
different_from_other_rooms_in_building	24
entertaining_parlor	25
cubicle	26
though_different_from_rooms	27
basement	28
now_place	29
of_room	30
now_ugly_attic	31
lit_salon	32
steam_room	33
though_only_superficially_different	34
as_superficially_different_from_rooms	35
playroom	36
as_superficially_different	37
though_only_different_from_rooms	38
great	39
everything	40
now_sauna	41
sweaty_cookhouse	42
usual	43
bedroom	44
we	45
familiar	46
pleasant_bedchamber	47
clean	48
washroom	49
oddly_familiar	50
going_south	51
only_superficially_different_from_other_rooms_in_building	52
here_entertaining_lounge	53
as_though_only_different_from_rooms_in_building	54
kind	55
stock_what_'s_here	56
austere_one	57
text_adventure	58
now_exciting_salon	59
here_parlor	60
restroom	61
cramped_cellar	62
going_west	63
about_that_place	64
as_only_superficially_different_from_rooms_in_building	65
misty	66
superficially_different_from_rooms_in_building	67
as_different	68
different_from_rooms_in_building	69
as_though_only_different_from_rooms	70
clean_washroom	71
as_though_only_different	72
as_though_only_superficially_different_from_other_rooms	73
announce	74
chamber	75
cheap_laundry_place	76
roomy_cellar	77
still_workshop	78
though_superficially_different_from_rooms	79
going_north	80
though_superficially_different_from_rooms_in_building	81
roomy	82
roomy_garage	83
though_only_different_from_other_rooms	84
Fancy	85
as_though_only_superficially_different	86
exit	87
only_different_from_rooms	88
still_study	89
stock_of_what_'s	90
looking_for_stuff	91
to_start	92
here_restroom	93
unblocked	94
only_different_from_rooms_in_building	95
as_though_only_different_from_other_rooms	96
only_superficially_different_from_other_rooms	97
though_only_different	98
as_only_different_from_rooms_in_building	99
different_from_other_rooms	100
bar	101
as_though_only_superficially_different_from_rooms_in_building	102
as_though_different_from_rooms	103
now_restroom	104
though_only_different_from_rooms_in_building	105
fun_bar	106
hot_kitchenette	107
as_only_superficially_different_from_other_rooms_in_building	108
as_only_superficially_different	109
as_only_different_from_other_rooms	110
sauna	111
complete_list_of_everything	112
going_east	113
messy	114
as_though_only_different_from_other_rooms_in_building	115
as_different_from_other_rooms_in_building	116
only_superficially_different_from_rooms_in_building	117
start	118
now_still_study	119
now_marbled_shower	120
only_superficially_different_from_rooms	121
well_lit	122
workshop	123
as_different_from_rooms	124
spare_room	125
fun_parlor	126
complete_list	127
though_different_from_other_rooms	128
how_place	129
entertaining_lounge	130
as_superficially_different_from_other_rooms	131
note	132
laundry_place	133
as_only_different_from_other_rooms_in_building	134
misty_shower	135
though_only_superficially_different_from_rooms	136
parlor	137
now_attic	138
as_though_different	139
bathroom	140
as_though_different_from_rooms_in_building	141
other_rooms_in_building	142
though_only_superficially_different_from_other_rooms	143
place	144
now_bathroom	145
salon	146
here_lounge	147
as_only_different	148
lounge	149
great_standard_vibes	150
room	151
shower	152
pantry	153
dish_pit	154
as_though_different_from_other_rooms_in_building	155
silent_workshop	156
listing	157
now_salon	158
only_different_from_other_rooms	159
different_from_rooms	160
to_announce	161
fun_salon	162
now_shower	163
here_entertaining_parlor	164
now_roomy_cellar	165
only_different	166
as_different_from_other_rooms	167
though_different	168
austere_studio	169
now_cheap_laundry_place	170
entranceway	171
yourself	172
You	173
stock_of_what_'s_here	174
not	175
bedchamber	176
it	177
unguarded_exit	178
as_only_different_from_rooms	179
cookhouse	180
stuff	181
listing_off_everything	182
information_on_your_surroundings	183
spare	184
as_though_only_superficially_different_from_other_rooms_in_building	185
balmy_dish_pit	186
serious_studio	187
though_superficially_different_from_other_rooms	188
information	189
marbled_shower	190
though_only_different_from_other_rooms_in_building	191
now_steamy_sauna	192
rooms	193
study	194
rooms_in_building	195
because_not	196
as_though_different_from_other_rooms	197
spotless_launderette	198
though_different_from_other_rooms_in_building	199
now_cellar	200
as_though_only_superficially_different_from_rooms	201
only_different_from_other_rooms_in_building	202
attic	203
steamy_cookhouse	204
going	205
so_usual	206
as_though_superficially_different_from_other_rooms_in_building	207
cookery	208
building	209
different	210
lit	211
canteen	212
recreation_zone	213
garage	214
excited	215
now_laundry_place	216
though_different_from_rooms_in_building	217
now_garage	218
studio	219
cozy_bedchamber	220
here_still_workshop	221
now_study	222
superficially_different_from_other_rooms_in_building	223
Here_bedroom	224
stock_what_'s	225
here_clean_restroom	226
office	227
only_superficially_different	228
though_only_superficially_different_from_other_rooms_in_building	229
looking	230
one	231
as_superficially_different_from_rooms_in_building	232
other_rooms	233
clean_restroom	234
superficially_different_from_other_rooms	235
sorry	236
as_only_superficially_different_from_other_rooms	237
though_only_superficially_different_from_rooms_in_building	238
cellar	239
list_of_everything	240
list	241
silent_study	242
messy_garage	243
as_superficially_different_from_other_rooms_in_building	244
obligated	245
unblocked_exit	246
here_washroom	247
steamy_sauna	248
I	249
serious	250
pleased	251
kitchenette	252
how_about_that_place	253
as_though_superficially_different_from_rooms	254
exit_to_north	255
exit_to_south	256
exit_to_west	257
exit_to_east	258
north	259
south	260
east	261
west	262
coin	263
